{
	"song": {
		"song": "Tutorial",
		"notes": [
			{
				"sectionNotes": [

				],
				"lengthInSteps": 16,
				"typeOfSection": 0,
				"mustHitSection": false
			},
			{
				"sectionNotes": [
					[
						7045,
						3,
						0
					],
					[
						7128.333333,
						2,
						0
					],
					[
						7211.666667,
						3,
						0
					],
					[
						7295,
						1,
						0
					],
					[
						7378.333333,
						0,
						0
					],
					[
						7545,
						0,
						0
					],
					[
						7628.333333,
						2,
						0
					],
					[
						7683.888889,
						1,
						0
					],
					[
						7850.555556,
						0,
						0
					],
					[
						8045,
						3,
						0
					],
					[
						8211.666667,
						1,
						0
					],
					[
						8378.333333,
						3,
						0
					],
					[
						8378.333333,
						7,
						0
					],
					[
						8461.666667,
						6,
						0
					],
					[
						8461.666667,
						2,
						0
					],
					[
						8545,
						7,
						0
					],
					[
						8545,
						3,
						0
					],
					[
						8628.333333,
						4,
						0
					],
					[
						8711.666667,
						5,
						0
					],
					[
						8878.333333,
						5,
						0
					],
					[
						8961.666667,
						7,
						0
					],
					[
						9045,
						6,
						0
					],
					[
						9211.666667,
						4,
						0
					],
					[
						9295,
						5,
						0
					],
					[
						9378.333333,
						7,
						0
					],
					[
						9528.333333,
						4,
						0
					]
				],
				"lengthInSteps": 16,
				"typeOfSection": 0,
				"mustHitSection": false
			},
			{
				"sectionNotes": [
					[
						9683.888889,
						0,
						0
					],
					[
						9683.888889,
						4,
						0
					],
					[
						9767.222222,
						5,
						0
					],
					[
						9767.222222,
						1,
						0
					],
					[
						9850.555556,
						4,
						0
					],
					[
						9850.555556,
						0,
						0
					],
					[
						9933.888889,
						7,
						0
					],
					[
						9933.888889,
						3,
						0
					],
					[
						10017.222222,
						2,
						0
					],
					[
						10183.888889,
						2,
						0
					],
					[
						10267.222222,
						3,
						0
					],
					[
						10350.555556,
						0,
						0
					],
					[
						10517.222222,
						2,
						0
					],
					[
						10656.111111,
						1,
						0
					],
					[
						10850.555556,
						3,
						0
					],
					[
						11017.222222,
						4,
						0
					],
					[
						11017.222222,
						0,
						0
					],
					[
						11100.555556,
						1,
						0
					],
					[
						11100.555556,
						5,
						0
					],
					[
						11170,
						0,
						0
					],
					[
						11183.888889,
						4,
						0
					],
					[
						11253.333333,
						3,
						0
					],
					[
						11267.222222,
						7,
						0
					],
					[
						11336.666667,
						2,
						0
					],
					[
						11350.555556,
						6,
						0
					],
					[
						11420,
						1,
						0
					],
					[
						11433.888889,
						5,
						0
					],
					[
						11517.222222,
						3,
						0
					],
					[
						11517.222222,
						7,
						0
					],
					[
						11600.555556,
						6,
						0
					],
					[
						11600.555556,
						2,
						0
					],
					[
						11670,
						4,
						0
					],
					[
						11670,
						0,
						0
					],
					[
						11753.333333,
						1,
						0
					],
					[
						11753.333333,
						5,
						0
					],
					[
						11836.666667,
						2,
						0
					],
					[
						11836.666667,
						6,
						0
					],
					[
						11920,
						4,
						0
					],
					[
						11920,
						0,
						0
					],
					[
						12003.333333,
						1,
						0
					],
					[
						12003.333333,
						5,
						0
					],
					[
						12086.666667,
						7,
						0
					],
					[
						12086.666667,
						3,
						0
					],
					[
						12170,
						2,
						0
					],
					[
						12170,
						6,
						0
					],
					[
						12253.333333,
						1,
						0
					],
					[
						12253.333333,
						5,
						0
					],
					[
						12336.666667,
						6,
						0
					],
					[
						12336.666667,
						2,
						0
					],
					[
						12420,
						4,
						0
					],
					[
						12420,
						0,
						0
					],
					[
						12503.333333,
						5,
						0
					],
					[
						12503.333333,
						1,
						0
					],
					[
						12586.666667,
						7,
						0
					],
					[
						12586.666667,
						3,
						0
					],
					[
						12670,
						5,
						0
					],
					[
						12836.666667,
						5,
						0
					],
					[
						12920,
						6,
						0
					],
					[
						13003.333333,
						7,
						0
					],
					[
						13170,
						4,
						0
					],
					[
						13336.666667,
						5,
						0
					],
					[
						13503.333333,
						4,
						0
					],
					[
						13670,
						7,
						0
					],
					[
						13670,
						3,
						0
					],
					[
						13753.333333,
						6,
						0
					],
					[
						13753.333333,
						2,
						0
					],
					[
						13836.666667,
						3,
						0
					],
					[
						13836.666667,
						7,
						0
					],
					[
						13920,
						0,
						0
					],
					[
						13920,
						4,
						0
					],
					[
						14003.333333,
						2,
						0
					],
					[
						14170,
						2,
						0
					],
					[
						14232.5,
						3,
						0
					],
					[
						14315.833333,
						0,
						0
					]
				],
				"lengthInSteps": 16,
				"typeOfSection": 0,
				"mustHitSection": false
			},
			{
				"sectionNotes": [
					[
						14482.5,
						1,
						0
					],
					[
						14565.833333,
						2,
						0
					],
					[
						14649.166667,
						3,
						0
					],
					[
						14815.833333,
						0,
						0
					],
					[
						14961.666667,
						3,
						0
					],
					[
						14982.5,
						7,
						0
					],
					[
						15065.833333,
						2,
						0
					],
					[
						15065.833333,
						6,
						0
					],
					[
						15149.166667,
						3,
						0
					],
					[
						15156.493164,
						7,
						0
					],
					[
						15232.5,
						1,
						0
					],
					[
						15239.444444,
						5,
						0
					],
					[
						15322.777778,
						4,
						0
					],
					[
						15489.444444,
						4,
						0
					],
					[
						15565.833333,
						7,
						0
					],
					[
						15649.166667,
						5,
						0
					],
					[
						15815.833333,
						4,
						0
					],
					[
						15982.5,
						5,
						0
					],
					[
						16149.166667,
						6,
						0
					],
					[
						16295,
						3,
						0
					],
					[
						16315.833333,
						7,
						0
					],
					[
						16399.166667,
						5,
						0
					],
					[
						16399.166667,
						1,
						0
					],
					[
						16482.5,
						4,
						0
					],
					[
						16482.5,
						0,
						0
					],
					[
						16565.833333,
						7,
						0
					],
					[
						16565.833333,
						3,
						0
					],
					[
						16649.166667,
						2,
						0
					],
					[
						16649.166667,
						6,
						0
					],
					[
						16732.5,
						1,
						0
					],
					[
						16732.5,
						5,
						0
					],
					[
						16815.833333,
						2,
						0
					],
					[
						16815.833333,
						6,
						0
					],
					[
						16899.166667,
						0,
						0
					],
					[
						16899.166667,
						4,
						0
					],
					[
						16982.5,
						1,
						0
					],
					[
						16982.5,
						5,
						0
					],
					[
						17065.833333,
						7,
						0
					],
					[
						17065.833333,
						3,
						0
					],
					[
						17149.166667,
						2,
						0
					],
					[
						17149.166667,
						6,
						0
					],
					[
						17232.5,
						0,
						0
					],
					[
						17232.5,
						4,
						0
					],
					[
						17315.833333,
						2,
						270.833333
					],
					[
						17315.833333,
						6,
						270.833333
					]
				],
				"lengthInSteps": 16,
				"typeOfSection": 0,
				"mustHitSection": false
			},
			{
				"sectionNotes": [

				],
				"lengthInSteps": 16,
				"typeOfSection": 0,
				"mustHitSection": false
			}
		],
		"bpm": 100,
		"sections": 0,
		"needsVoices": false,
		"player1": "bf",
		"player2": "gf",